PF_number,Name,section,shift

(1, 'ELON_MUSK', '300kmh1', 'today'),15:24:13
(1, 'ELON_MUSK', '300kmh1', 'today'),15:24:16
(1, 'ELON_MUSK', '300kmh1', 'today'),15:24:17
(1, 'ELON_MUSK', '300kmh1', 'today'),15:24:17
(1, 'ELON_MUSK', '300kmh1', 'today'),15:24:18
(1, 'ELON_MUSK', '300kmh1', 'today'),15:24:18
(1, 'ELON_MUSK', '300kmh1', 'today'),15:24:19
(6, 'HARSHIT', '300kmh5', 'today4'),23:06:19
(6, 'HARSHIT', '300kmh5', 'today4'),23:06:19
(6, 'HARSHIT', '300kmh5', 'today4'),23:06:20
(6, 'HARSHIT', '300kmh5', 'today4'),23:06:21
(6, 'HARSHIT', '300kmh5', 'today4'),23:06:21
(6, 'HARSHIT', '300kmh5', 'today4'),23:06:22
(6, 'HARSHIT', '300kmh5', 'today4'),23:06:22
(6, 'HARSHIT', '300kmh5', 'today4'),23:06:23
